{
  "spatialReference": { "wkid": 4326, "latestWkid": 4326 },
  "candidates": [
    {
      "address": "23 Furzer St, Woden, Canberra, Australian Capital Territory, 2606",
      "location": { "x": 149.08414612291187, "y": -35.342603047384671 },
      "score": 100,
      "attributes": {
        "Match_addr": "23 Furzer St, Woden, Canberra, Australian Capital Territory, 2606",
        "Addr_type": "StreetAddress"
      },
      "extent": {
        "xmin": 149.08314612291187,
        "ymin": -35.343603047384669,
        "xmax": 149.08514612291188,
        "ymax": -35.341603047384673
      }
    }
  ]
}
